http://www.rabbitsreviews.com/images/categories/lesbian.jpg,Lesbian,http://hidefporn.ws/uploads/posts/2012-12/1355384925_1.jpg,Squirt,http://www.pornhdsexhd.com/wp-content/uploads/2015/08/Teenage-Blonde-Cali-Sparks-Sharing-Nice-Dick-with-Her-Stepmom-Savannah-Fyre-300x180.jpg,Step Mom,https://thumb-v-ec.xhcdn.com/t/672/7_b_5372672.jpg,Teen
http://img.tubxporn.com/contents/videos_screenshots/12000/12262/600x338/6.jpg,Jeremy Corbyn,http://4.bp.blogspot.com/-D0Ea4C86E3c/U8jH5hWrnjI/AAAAAAAAB4k/C7rCQWsnH_c/s1600/Veronica%2525252BRodriguez.jpg,Justin Bieber Carpool Karaoke,http://s25.postimg.org/qyb4wnrq7/Stepmom_Kayla_Green_and_Teeanage_Olive_Bell_in_T.jpg,Star Wars the Force Awakens Official Teaser,http://cdn1.teenpornvideo.xxx/contents/videos_screenshots/5000/5962/preview.mp4.jpg,Crazy Plastic Ball Prank
http://img5.golesbianporn.com/op/84/591_039_She.jpg,McDonalds,http://img.sexpornpages.com/images01/image-153201.jpg,JD Wetherspoon's,http://static.brazzers.com/scenes/8319/preview/img/02.jpg,Gregg's,http://cdn1.teenpornvideo.xxx/contents/videos_screenshots/5000/5363/preview.mp4.jpg,How to use the new Snapchat update
http://nudelesbianteen.com/wp-content/uploads/2014/09/whengirlsplay-tasha-n-lelani-08.jpg,Fifty Shades of Grey,http://hdporn101.co/wp-content/uploads/2012/12/asa-akira-09.jpg,Grandpa's Great Escape,http://www.hdpornpack.com/wp-content/uploads/2015/04/Lisa-Ann-Step-mom-sluts-take-control-Porn-Ad.jpg,How to lose weight quickly,http://girlcollector.net/wp-content/uploads/107077.jpg,Ed Miliband
https://41.media.tumblr.com/c63fbfa2c57e4a178a746dab6cc34d0a/tumblr_nmrablC4QZ1tc5zi3o1_1280.jpg,How to lose belly fat,http://cd.letsjerk.com/wp-content/uploads/2014/12/m827.jpg,How to get rid of brain freeze,http://images.momsteachsex.com/videos/take_care_of_your_stepmom/screenshots/2.jpg,David Cameron,http://www.smallgirlsnude.com/miniature_pure_pussy_of_naked_small_girl_free_porn_pictures_6882/bp_006.jpg,Charlie Hebdo
"http://i0.cdn2b.image.pornhub.phncdn.com/videos/201506/11/50361281/original/(m=eaAaGw-aaaaa)12.jpg",,http://blog.peeshark.com/wp-content/uploads/2013/04/0538.jpg,,http://www.stepmom-lessons.com/images/hardcore-stepmom-sex-videos.jpg,,http://cdn1.freeteenporn.xxx/contents/videos_screenshots/0/62/preview.mp4.jpg,
http://www.ronspenispills.com/wp-content/uploads/2016/05/orgasmic-300x169.jpg,,http://passpix.com/images/2014/09/vc0wgpht2mzyo6ur501n.jpg,,http://www.dailyfreeporn.tv/wp-content/uploads/2015/06/Stepmom-Shay-Fox-Getting-Pounded-by-Van-Wylde.jpg,,http://www.petitenakedgirls.com/exclusiveteenporn/5088/bp_005.jpg,
"http://41.media.tumblr.com/4fa0bdf98675c7c9392227067f8bbc9e/tumblr_nei00ruJQm1tc5zi3o1_1280.jpg",,http://www.xtapes.to/wp-content/uploads/2015/10/46925388.jpg,,http://cdn.wifetubehd.com/thumbs/320x240/22/10998/1.jpg,,http://www.skinnyeroticteens.com/teenpornstorage/5998/bp_005.jpg,
http://i.sexu.com/sexu-thumbs/85/2419248/9-main.jpg,,http://pornmovie.webcam/wp-content/uploads/2015/09/290.jpg,,http://www.hdpornpack.com/wp-content/uploads/2014/12/India-Summer-Kacy-Lane-Stepmom-Porn-.jpg,,http://www.skinnyeroticteens.com/teenpornstorage/5067/bp_018.jpg,
http://3.bp.blogspot.com/-QmrwGeXBd2A/UfElhFjdupI/AAAAAAAAASg/ZmKAA6pop5I/s1600/free%252Blesbian%252Bporn%252Bpics-wgp_076.jpg,,http://img.sexpornpages.com/images01/image-153199.jpg,,http://s25.postimg.org/yzuuo2xwf/Busty_Stepmom_Corinne_Blake_Taking_Shower_2.jpg,,http://porn-teen-sex.com/wp-content/uploads/2016/06/Veronica-Morre-white-panties-porn-teen-15.jpg,
"http://passpix.com/images/2014/12/oeiyi371sobu2x5f2644.jpg",,http://blog.peeshark.com/wp-content/uploads/2013/08/0131.jpg,,http://static.brazzers.com/scenes/9059/preview/img/02.jpg,,http://www.18porno.tv/contents/videos_screenshots/0/681/preview.mp4.jpg,
"http://nudelesbianteen.com/wp-content/uploads/2014/12/whengirlsplay-aidra-n-mila-06.jpg",,https://www.google.co.uk/url?sa=i&rct=j&q=&esrc=s&source=images&cd=&ved=0ahUKEwi-pbCdhfzQAhUbOVAKHXuGDewQjBwIBA&url=http%3A%2F%2Fxxxpornsexmovies.xxx%2Fmedia%2Fgalleries%2F535c1761b4c18%2F12.jpg&psig=AFQjCNEgjy41eJk3uWRDW2EDXO7F8x5lmw&ust=1482090789475534,,http://www.hdpornpack.com/wp-content/uploads/2015/04/Emily-B-My-Stepmom-Fucked-Me-Porn-Ad.jpg,,http://girlcollector.net/wp-content/uploads/109467.jpg,
http://passpix.com/images/2014/12/oeiyi371sobu2x5f2644.jpg,,http://i0.bzpics.com/scenes/7305/576x324.jpg,,http://stepmomspornvideo.com/wp-content/uploads/2015/07/scene-thumb-05.jpg,,http://2xxxgirlsphotos.info/pics/images/1/photo%20porn%20teen/photo+porn+teen_1315.jpg,
http://direct.hdzog.com/contents/videos_sources/48000/48734/screenshots/1.jpg,,http://pornhdhdporn.com/wp-content/uploads/2014/09/Bonnie-Rotten-Anal-Sex-Makes-The-Pussy-Squirt_2.jpg,,http://static.brazzers.com/scenes/8048/preview/img/02.jpg,,http://girlcollector.net/wp-content/uploads/gc00531.jpg,
http://cdn.hdfuckporn.xxx/8/8a/101434/320_240/shyla-jennings-amp-cassie-laine-in-69-position/8328688.jpg,,http://prontv.org/uploads/posts/2013-10/1381377947_ylbzpdsqbfu0wks.jpg,,http://porngallerys.com/media/06-15-15-brazzers-porn-shay-fox.jpg,,http://www.skinnyteenpics.com/teenpornstorage/5750/bp_002.jpg,
"http://cdn4.image.youporn.phncdn.com/201508/20/11833237/original/11.jpg",,http://www.letsjerk.com/wp-content/uploads/2015/02/big101-240x180.jpg,,http://4.bp.blogspot.com/-Bg0QH4PJOls/VOKZVDE4cXI/AAAAAAAAAjc/xYtdHIkmK2s/s1600/julianna_vega_and_mia_khalifa_on_stepmom_videos.jpg,,http://www.18porno.tv/contents/videos_screenshots/1000/1480/preview.mp4.jpg,
http://lotsofblogs.com/wp-content/uploads/2015/02/81.jpg,,http://static.brazzers.com/scenes/7903/768x432.jpg,,http://s25.postimg.org/l253t22e7/Busty_British_Stepmom_Emily_B_Wants_To_Hard_Youn.jpg,,http://www.tryteenporn.com/try_teens/tiny_teen_sucking/originalimages/bp_002.jpg,
"http://gcache.imagehost123.com/we/1189/bt4.jpg",,http://hdporn101.co/wp-content/uploads/2012/12/asa-akira-12-e1355173352119.jpg,,http://www.usaukcagirlpics.com/wp-content/uploads/2016/02/alex-grey-2016-hd-porn.jpg,,http://2.bp.blogspot.com/-K2OVKzKRvEQ/VGcsP0o4VqI/AAAAAAAAAQY/Xx5hBnOTNrY/s1600/3417.jpg,
"http://cdn.hdfuckporn.xxx/9/94/53356/320_240/true-incredibly-glamour-lezzie-love/6.jpg",,http://cdnthumb.spankbang.com/0/2/9/295689-t6.jpg,,http://movies.pornvids4u.com/wp-content/uploads/2016/02/BangMyStepmom-Nadia-Styles-Step-mom-Nadia-Seduces-Scottish-Step-Son-into-Sex-xmoviesforyou.jpg,,http://fotoxxxasian.info/pics/images/1/asia%20teen%20porn/jav_hd_20.jpg,
"http://galleries.sapphicerotica.com/fhg/37/009-2_video_120921_04_Tarra_and_Mya/images/4.jpg",,http://www.brazzersvaults.org/brazzers-porn/sgs-cant-stop-squirting/zoey-monroe-12.jpg,,http://cdnthumb.spankbang.com/0/3/5/359889-t6.jpg,,http://www.teenpornpic.net/media/images_640/2/porn-redhead-teen/porn-redhead-teen-228060.jpg,
http://40.media.tumblr.com/01881a1eb6875d7fdf186f607d969613/tumblr_njfvp5KmWr1tc5zi3o1_1280.jpg,,http://vpx.pl/i/2013/08/15/13.jpg,,http://www.hdpornpack.com/wp-content/uploads/2015/04/my-bfs-new-step-mom-wants-to-join-us-porn-ad-720p.jpg,,http://www.18porno.tv/contents/videos_screenshots/2000/2566/preview.mp4.jpg,
http://porngirlworld.com/wp-content/uploads/2015/04/Lesbian-Teen-XXX-08-682x1024.jpg,,https://pbs.twimg.com/media/CHBhCSFUAAEx76n.jpg,,http://cdn.collectionofbestporn.com/thumbs/5/5/b/3/a/55b2b266f317b.mp4/55b2b266f317b.mp4-3.jpg,,http://p.im9.eu/teen-porn-23.jpg,
http://www.hdporn.com/error/off-site-referrer-ad.png?file=/u/movies/000BA/scene_hard_1_320x180.jpg,,http://cdnthumb.spankbang.com/0/2/5/257418-t6.jpg,,http://cdnthumb2.spankbang.com/0/3/2/323632-t6.jpg,,http://www.labialand.com/gallery/etp/blossom_teen/originalimages/ExclusiveTeenPorn-0092.jpg,
"http://www.spencerscottblog.com/tubeclips/wicked/23241.jpg",,http://fullpix.net/images/2014/02/zqr9vhtraeqhigbp1ddm.jpg,,http://37.187.160.50/thumbs/12/12829/poster.jpg,,http://www.skinnyeroticteens.com/teenpornstorage/nude_teen_blonde/originalimages/ExclusiveTeenPorn-0053.jpg,
"http://cdn5.image.youporn.phncdn.com/201307/18/8634329/640x480/12.jpg",,http://www.squirtdisgrace.com/tour_01/thumbs_sm/03.jpg,,http://cdn.pornhdhdporn.com/wp-content/uploads/2014/12/Stepmom-Eva-Notty-and-Stepdaughter-Blonde-Alli-Rae-with-Young-Dick.jpg,,http://www.skinnyteenpics.com/teenpornstorage/6235/bp_004.jpg,
http://i0.wp.com/girlsdoxxx.com/wp-content/uploads/2013/01/3-loves-her-taste.jpg,,http://www.brazzersvaults.org/brazzers-porn/sgs-squirt-factor/ashley-zoey-8.jpg,,http://1.bp.blogspot.com/-ozS4hiqJn1E/VBbW4YQu6xI/AAAAAAAAABA/r_OJKzBXOP0/s1600/kendra-lust.jpg,,http://www.18porno.tv/contents/videos_screenshots/2000/2569/preview.mp4.jpg,
"http://cd.tubebang.net/wp-content/uploads/2015/4dec/adriana3.jpg",,http://cdn.hdxxxphotos.com/thumbs/original/56/29652/5.jpg,,http://img2.3movs.com/contents/videos_screenshots/9000/9934/preview.mp4.jpg,,http://adult-xx.com/wp-content/uploads/2016/07/girl_girl_sex-2.jpg,
https://pbs.twimg.com/media/B-YwHeGCIAA9m7C.jpg,,http://image.famehosted.com/vids/8/0/6/2/c22608/d149f1f1b6/22608_05/01/22608_05_120sec_00.jpg,,http://static.brazzers.com/scenes/7856/preview/img/04.jpg,,http://www.planetclimax.com/visit-referer/site/352/,
"http://onlylesbiantube.com/search/protected/screenshots/1/15/11592/1.jpg",,http://cdnthumb3.spankbang.com/0/1/3/134990-t6.jpg,,http://www.rexmag.com/reviews/star-images/bang-my-stepmom-vicky-vixen.jpg,,http://mostsexyporn.com/wp-content/uploads/2016/04/Sex-with-a-cute-and-sexy-petite-teen-porn-girl-3.jpg,
"http://www.shefuckedher.com/images/she_fucked_her_lesbian_rimming.jpg",,http://i0.cdn2b.image.pornhub.phncdn.com/videos/201505/11/48879901/original/(m=eaAaGw-aaaaa)3.jpg,,http://ist2-2.filesor.com/pimpandhost.com/3/3/0/6/33060/2/c/X/9/2cX9Q/0431.jpg,,http://www.planetclimax.com/visit-referer/site/1770/,
"http://prn247.com/files/2015/08/24676_01_120sec_00.jpg",,http://pornopin.me/wp-content/uploads/2015/04/the-worlds-best-bdsm-squirt-1429311510nk4g8.jpg,,http://cdn.wifetubehd.com/thumbs/320x240/217/115406/8.jpg,,http://assametur2teen.info/pics/images/1/teen%20porn%20images/teen+porn+images_1370.jpg,
"http://hdporntime.com/wp-content/uploads/2015/01/lesbians-pics-4.jpg",,http://cdn.collectionofbestporn.com/thumbs/5/7/0/e/e/570e6d2baae45.mp4/570e6d2baae45.mp4-3.jpg,,http://static.brazzers.com/scenes/8467/preview/img/02.jpg,,http://www.petitenakedgirls.com/exclusiveteenporn/5675/bp_012.jpg,
"http://hdporntime.com/wp-content/uploads/2015/12/Catie-Parker-and-Raven-Rockette-babescom-lesbian-porn-pics-11.jpg",,http://freepornscat.net/uploads/posts/2014-04/1397046063_03-800x600.jpg,,http://static.brazzers.com/scenes/8308/preview/img/02.jpg,,http://www.18porno.tv/contents/videos_screenshots/1000/1789/preview.mp4.jpg,
http://justimg.com/pics/1784/hd-blonde-lesbian-porn.jpg,,http://justimg.com/pics/1220/big-hairy-squirting-pussy.jpg,,http://images.momsteachsex.com/videos/my_stepmom_loves_college/screenshots/1.jpg,,http://www.tryteenporn.com/try_teens/cute_teen_sucking_and_fucking/originalimages/bp_005.jpg,
http://hdporntime.com/wp-content/uploads/2015/12/Catie-Parker-and-Raven-Rockette-babescom-lesbian-porn-pics-09.jpg,,http://cdnthumb.spankbang.com/0/1/1/115992-t6.jpg,,http://cdnthumb3.spankbang.com/0/3/3/331934-t6.jpg,,https://cumonmy.com/galleries/2013-updates/10-002-metart-and-gifs/Collection-Emily-Bloom/set-04/Emily-Bloom-metart-big-tits-teen-porn-babe-fishnets-tigh-highs-pantyhose-sexy-legs-032.jpg,
"http://static3.upornia.org/contents/videos_screenshots/246000/246109/268x201/2.jpg",,http://squirtingporntubearchive.com/images/53_big.jpg,,http://www.hdpornpack.com/wp-content/uploads/2015/03/Horny-Stepmom-and-Daughter-Sharing-Cock-1080p-porn-300x233.jpg,,http://mostsexyporn.com/wp-content/uploads/2016/05/Sexy-young-teen-with-small-tits-and-a-skinny-body-fucks-3.jpg,
http://cdn4f.image.youporn.phncdn.com/m=eaAaaEjb/201506/07/11440953/original/8/tiny-stepsisters-lesbian-small-tits-8.jpg,,http://image.famehosted.com/vids/8/0/6/2/c22608/d149f1f1b6/22608_03/01/22608_03_120sec_00.jpg,,http://static.brazzers.com/scenes/7856/preview/img/03.jpg,,http://www.teenpornpic.net/media/images/1/amateur-young-teen-porn/amateur-young-teen-porn-596.jpg,
http://image.famehosted.com/vids/4/2/4/3/c23424/840161b2b2/23424_01/01/23424_01_120sec_00.jpg,,http://www.squirtingporntubearchive.com/images/21_big.jpg,,http://4.bp.blogspot.com/-KS96qJ9cvR0/VNfOdnLtawI/AAAAAAAAAKg/hDpyjGU-0kI/s1600/dfh-630x420.jpg,,http://www.skinnyteenpics.com/teenpornstorage/5818/bp_010.jpg,
http://image.famehosted.com/vids/4/2/4/3/c23424/840161b2b2/23424_01/01/23424_01_120sec_00.jpg,,http://prn247.com/files/2015/06/mem12704.jpg,,http://cdnthumb.spankbang.com/0/3/1/318366-t6.jpg,,http://www.labialand.com/gallery/etp/blossom_teen/originalimages/ExclusiveTeenPorn-0099.jpg,
http://www.bustyteengallery.com/images/11sup/long-teen-lesbian-porn-hd.jpg,,http://cdnhw4.private.com/content/contentthumbs/363651-full.jpg,,http://pornmovie.webcam/wp-content/uploads/2016/08/1-241.jpg,,http://www.imageweb.ws/media/images/7/sweet-teen-porn/sweet-teen-porn-461077.jpg,
http://prn247.com/files/2015/09/23487_03_120sec_00.jpg,,http://cdn.milfxxxphotos.com/thumbs/original/58/30982/2.jpg,,http://static.brazzers.com/scenes/9218/preview/img/02.jpg,,https://i.ytimg.com/vi/yleX0Yeyviw/maxresdefault.jpg,
http://s25.postimg.org/uefvb0ksv/Dillion_Harper_Get_it_girls_304.jpg,,http://ftop.ru/images/201511/ftop.ru_56459aaa04c6a.jpg,,http://pornhdhdporn.com/wp-content/uploads/2015/05/Big-Boobs-Stepmom-Claudia-Valentine-and-Teenage-Miranda-Miller-in-Threesome.jpg,,http://www.skinnyteenpics.com/teenpornstorage/5762/bp_003.jpg,
"http://www.hdporn.com/error/off-site-referrer-ad.png?file=/u/movies/0013E/placard_960x540.jpg",,http://cdn.squirtingpics.com/2009-09-15/21139_06.jpg,,http://picload.org/image/cgigoww/a95b9ac567a3.jpeg,,http://porn-teen-sex.com/wp-content/uploads/2016/06/Veronica-Morre-white-panties-porn-teen-14.jpg,
https://static-ca-cdn.eporner.com/thumbs/static4/4/49/493/493626/6_360.jpg,,http://i3.bzpics.com/scenes/7903/200.jpg,,http://static.brazzers.com/scenes/7856/preview/img/02.jpg,,http://galleries.payserve.com/1/47337/60565/images/1.jpg,
"https://lh4.googleusercontent.com/-dQxGImUpVTc/UekLTf39r3I/AAAAAAAAA5w/wAhcPRWnSl8/w1920-h1080/1920-x-1080-wallpapers-nude-babes-1920x1080-hd-porn-pics-.jpghttp://i.pornktube.com/contents/videos_screenshots/12000/12358/600x338/7.jpg",,http://i.pridetubemedia.com/content/videos/2/d/5/2d50cf08-8b65-4d9e-89f7-fb5f0fcebe49/handtouched/014.jpg?,,http://37.187.161.55/thumbs/10/10070/poster.jpg,,http://www.skinnyteenpics.com/exclusiveteenporn/6127/bp_002.jpg,
"http://cdn4b.image.youporn.phncdn.com/201506/11/11455589/640x480/8/asa-akira-jessie-volt-hardcore-lesbian-porn-hd-8.jpg",,http://image.famehosted.com/vids/8/0/6/2/c22608/d149f1f1b6/22608_06/01/22608_06_120sec_00.jpg,,http://www.porn.com/blog/wp-content/uploads/2015/07/top_vids_july11_allison_moore.jpg,,http://www.labialand.com/gallery/tps/teen_love/originalimages/TeenPornStorage-0042.jpg,
http://www.bustyteengallery.com/images/10yz0/free-lesbian-porn-hd.jpg,,http://cdnh4.porndoe.com/image/movie/thumb/0x720/2/8/9/0/4/4/mp4720hd-mason-moore-mike-adriano-cumforme-1440-mp4-mason-moore-mike-adriano_25.jpg,,http://cdni.pornwhite.com/contents/videos_screenshots/18000/18459/preview.jpg,,http://ipunishteens.com/mp4/teencurves_keisha_grey_and_karlee_grey_full_hi_720hd.jpg,
http://cdn2.image.youporn.phncdn.com/201304/18/8351917/640x480/2.jpg,,http://www.popularfreeporn.com/free-squirting-porn/1nr2b.html,,http://www.stepmom-lessons.com/images/experienced-milf-teach-sex.jpg,,http://www.skinnyteenpics.com/teenpornstorage/5094/bp_012.jpg,
"http://www.hdpornpack.com/wp-content/uploads/2015/01/Ashley-Sinclair-and-Abigail-Mac-Lesbian-Porn-720p.jpg",,http://cdnthumb.spankbang.com/0/3/8/382953-t6.jpg,,http://i1.wp.com/hd-porn.me/wp-content/uploads/2015/11/00000001107.jpg?fit=540%2C360,,http://ipunishteens.com/mp4/teensdoporn_jade_nile_full_hi_720hd.jpg,
http://cumonmy.com/galleries/2015-updates/01-001-Porn-Update-1300-Pics/Lesbian-Porn/fingering/lesbian-porn-fingering-pics-001.jpg,,http://static.brazzers.com/scenes/7684/preview/img/02.jpg,,https://cdn-d-img.pornhub.com/m%3DeCEaGGbWpaaaa/videos/201411/21/35077621/original/5.jpg,,http://nudemodel.pics/girls/2014/10/erotic-model-juliya-exclusive-teen-porn-191.jpg,
https://www.google.co.uk/search?q=lesbian+porn&source=lnms&tbm=isch&sa=X&ved=0ahUKEwjx4Ybp5vvQAhVdOlAKHdFCDbQQ_AUICSgC&biw=1358&bih=703#tbm=isch&q=HD+lesbian+porn&imgrc=2Fxa9PXZ9I6C_M%3A,,http://www.squirtdisgrace.com/thumbs_sm/01.jpg,,http://hq-porner.com/uploads/posters/15611-bangbros-nikki-benz-the-step-mom-and-daughter-combo-hd-porn.jpg,,http://img.xxxpicsporn.com/thumbs/original/55/29162/16.jpg,
"http://www.teensexxx.net/wp-content/uploads/2015/11/teen-sex.jpg.pagespeed.ce.QLiEvBDQPX.jpg",,http://sexybabeswallpaper.com/wp-content/uploads/lesbian-squirting-porn.jpg,,http://th1.zbporn.com/contents/videos_screenshots/290000/290477/preview.mp4.jpg,,http://p.im9.eu/free-teen-porn-picture-gallery-57820.jpg,
http://cdn.milfxxxphotos.com/thumbs/original/58/31001/11.jpg,,http://www.coseporn.com/wp-content/uploads/2016/01/Anastasia-Squirt-porn_7.jpg,,http://cdn5.image.youporn.phncdn.com/201507/24/11677981/640x480/14/momsteachsex-threesome-with-my-hot-step-mom-14.jpg,,http://p.im9.eu/young-teen-fucked-pthc.jpg,
"https://static-ca-cdn.eporner.com/thumbs/static4/1/15/157/157027/6_360.jpg",,http://txh.xhcdn.com/t/405/8_b_4162405.jpg,,http://x.hdpcdn.com/wp-content/uploads/bbbelleknox.jpg,,http://www.skinnyteenpics.com/teenpornstorage/4317/bp_013.jpg,
"http://pic.nesaporn.com/imgs/a/m/c/c/x/lesbians_in_hd_pt4_1080p-4_tmb.jpg",,http://picsee.net/upload/2015-07-10/06940010dffa.jpeg,,http://cdnthumb.spankbang.com/0/4/7/474186-t6.jpg,,http://www.skinnyteenpics.com/exclusiveteenporn/5130/bp_015.jpg,
"http://66.media.tumblr.com/6b0cf459194efdee74226bb471eed504/tumblr_nl10w5wvpG1tc5zi3o1_1280.jpg",,http://image.famehosted.com/vids/2/1/6/4/c24612/84c731d898/24612_03/01/24612_03_120sec_00.jpg,,http://asagersex.com/wp-content/uploads/2016/06/mia-and-stepmom-bang-by-horny-guy-with-big-dick-xxx-mia-khalifa-hd-porn-image-hijab-porn-sex.jpg,,http://www.skinnyteenpics.com/teenpornstorage/5281/bp_004.jpg,
"http://cdnhw4.private.com/content/contentthumbs/345281-full.jpg",,http://prontv.org/uploads/posts/2013-09/1378373117_zrun9mgowoiut6h.jpg,,http://www.asspoint.com/images/videos/0043/243665/default.jpg,,http://www.planetclimax.com/images/blog/posted_big/343_391.jpg,
http://images.sex.com/images/pinporn/2014/06/30/236/6700032.jpg,,http://prn247.com/files/2015/06/mem12677.jpg,,http://s25.postimg.org/u679fuk67/Stepmommy_Diamond_Kitty_and_Her_Step_Daughter_Sa.jpg,,http://www.skinnyteenpics.com/teenpornstorage/5070/bp_007.jpg,
http://cdn4f.image.youporn.phncdn.com/201310/16/8928757/640x480/8/lesbea-hd-young-virgin-teen-learns-how-to-fuck-with-experienced-lesbian-8.jpg,,http://cdn2.image.youporn.phncdn.com/200611/27/2588/640x480/8.jpg,,https://static-ca-cdn.eporner.com/thumbs/static4/9/92/928/928010/5_360.jpg,,http://www.tinyteenfuck.com/exclusiveteenporn/4466/bp_001.jpg,
"http://www.nudegirlss.com/wp-content/uploads/2015/07/lesbian-nude-pussy-sex-hd-photos1.jpg",,http://i2.bzpics.com/scenes/7609/975x548.jpg,,http://i0.wp.com/porn-hd.me/wp-content/uploads/2015/09/20150400000001133.jpg?fit=491%2C360,,http://galleries.payserve.com/1/1/34478/images/8.jpg,
http://www.ronspenispills.com/wp-content/uploads/2016/05/lesbian_lust-300x169.jpg,,http://x.hdpcdn.com/wp-content/uploads/asaakira61.jpg,,http://thumbs3.ca.cdn.eporner.com/thumbs/static4/1/19/198/198687/12_360.jpg,,http://sexsagar.net/wp-content/uploads/2016/02/desi-indian-teen-porn-pics.jpg,
http://img.joysporn.com/contents/videos_screenshots/12000/12126/600x338/13.jpg,,http://hq-porner.com/uploads/posters/65331-sheila-marie-squirting-in-the-shower.jpg,,http://2.bp.blogspot.com/-_1oYR8lNPoo/UtN8cbjjvDI/AAAAAAAAAy0/kSOOQ2Qnm50/s1600/bscap0004.jpg,,http://4555000.com/wp-content/uploads/2016/02/Com-realty-exploted-teens-pornstar-is-really.jpg,
"http://www.nudepicss.com/wp-content/uploads/2015/10/Sunny-Leone-Real-Sex-XXX-Nude-Photo-Big-Babes-Hot-Ass-Fucking-HD-Photos-Lesbian-Porn-Pics-Clothe.jpg",,http://cdn4.image.youporn.phncdn.com/201404/03/9404191/640x480/12/stunning-milf-squirts-again-and-again-12.jpg,,http://best-porn.me/wp-content/uploads/2015/09/MommyGotBoobs-Julia-Ann-Stepmom-Sex-Ed-xmoviesforyou.jpg,,http://www.dapr0n.com/sites/default/files/pictures/ExclusiveTeenPorn-0010_1.jpg,
"http://cdnthumb3.spankbang.com/0/2/4/248546-t6.jpg",,http://hdporn101.co/wp-content/uploads/2012/12/asa-akira-06.jpg,,http://prn247.com/files/2015/06/mem11522.jpg,,http://pornbill.com/gallery/etp/men_fuck_teen/originalimages/ExclusiveTeenPorn-0001.jpg,
"http://galleries.sapphicerotica.com/fhg/35/007-2_video_130213_02_Frida_Ennie_and_Nessy/images/5.jpg",,http://img2.3movs.com/contents/videos_screenshots/7000/7516/preview.mp4.jpg,,http://cdn.xvideos.ninja/400x225/645/355885/1.jpg,,http://www.pornphotos.info/wp-content/uploads/2016/07/teen-porn_17.jpg,
"http://www.ripenza.com/wp-content/uploads/2012/07/lesbian-ass.jpg",,http://www.brazzersvaults.org/brazzers-porn/sgs-gushing-with-passion/lily-carter-11.jpg,,http://prn247.com/files/2015/10/29639_02_120sec_00.jpg,,https://i.ytimg.com/vi/pRpNjx1bWUQ/maxresdefault.jpg,
"http://www.nudegirlss.com/wp-content/uploads/2015/07/lesbian-nude-pussy-sex-porn-xxx-hd-photos15.jpg",,http://www.damplips.com/wp-content/uploads/2013/04/squirting-orgasm-20.jpg,,http://1.bp.blogspot.com/-Ftwv20xB8t0/VFV03JCyy1I/AAAAAAAAEZQ/-J6hg0LCELs/s1600/10.jpg,,http://www.pornphotos.info/wp-content/uploads/2016/07/teen-porn_25.jpg,
"http://prn247.com/files/2015/11/23814_04_120sec_00.jpg",,http://cdnthumb.spankbang.com/0/1/4/146466-t6.jpg,,http://fullpix.net/images/2014/06/ssj0sqta331ao2gfbz0b.jpg,,http://nudesexypic.com/wp-content/uploads/2016/03/sexy-girls-chut-sexy-images-1.jpg,
http://img.ffffound.com/static-data/assets/6/e3ef54017587790b25a05a7d9aabb914ee12e992_m.jpg,,http://img.xxxpicsporn.com/thumbs/original/58/30981/12.jpg,,http://cdn.tophd.xxx/thumbs-hd/b7/1010658/1_320x180.jpg,,http://girlcollector.net/wp-content/uploads/gc00530.jpg,
http://pornhd.pics/s/thumbs/o/14521.jpg,,http://cockpocket.club/thumbs/10922/418550910922.jpg,,https://static-ca-cdn.eporner.com/thumbs/static4/9/93/930/930128/5_360.jpg,,http://cumonmy.com/galleries/2015-updates/01-001-Porn-Update-1300-Pics/Nude-Teen/Teen-Ass/Naked-Teen-Girls-with-hot-Ass-Porn-Pics-031.jpg,
http://cdn.nikkibenz.club/wp-content/uploads/lesbian-3.jpg,,http://crazyimg.com/images/2015/11/q6dno2ltn1unurj2zv5z.jpg,,http://www.hdpornpack.com/wp-content/uploads/2015/06/Horny-Milf-Stepmom-Sharing-Cock-with-Dakota-James.jpg,,http://galleries.payserve.com/1/33930/32484/images/8.jpg,
http://cdn4.image.spankwire.phncdn.com/m%3DeayaasFnGw/201310/23/1232908/originals/7.jpg,,https://images.spicyadulttools.com/static.brazzers.com/scenes/7677/preview/img/05.jpg,,http://www.brazzersvaults.org/brazzers-porn/mgb-stepmom-lends-hand/lisa-ann-5.jpg,,http://nudemodel.pics/girls/2014/10/young-model-juliya-exclusive-teen-porn-041.jpg,
http://images2.pornoklinge.com/_10150_0.jpg,,http://i2.bzpics.com/scenes/7654/975x548.jpg,,https://static-ca-cdn.eporner.com/thumbs/static4/1/11/117/1174027/13_360.jpg,,http://www.imageweb.ws/media/images/3/japanese-teen-porn/japanese-teen-porn-859078.jpg,
http://www.hdteenmania.com/porn/uploads/2014/08/image1.jpg,,http://cdn4.image.youporn.phncdn.com/m%3DeaAaaEjb/201407/10/9904153/original/8/blacked-perfect-blonde-girl-squirts-on-big-black-cock-8.jpg,,https://static-ca-cdn.eporner.com/thumbs/static4/9/99/998/998974/5_360.jpg,,http://cdn.cleanasianporn.com/thumbs/original/143/76504/3.jpg,
http://cdn4.image.youporn.phncdn.com/201306/27/8554622/640x480/5/danejones-hd-lesbian-kissing-deeply-and-eating-young-juicy-pussy-5.jpg,,http://efappy.com/wp-content/uploads/slutty-dancing-teen-squirting-407x229.jpg,,http://static.brazzers.com/scenes/9298/preview/img/04.jpg,,http://blog.hdlove.com/files/2013/04/Teen-Porn-Videos-On-HD-Love1.jpg,
https://static-ca-cdn.eporner.com/thumbs/static4/5/57/574/574191/11_360.jpg,,http://1.bp.blogspot.com/-yq1JK1Sn07E/Uqz4HmaktiI/AAAAAAAADBY/dvi1ITd2T-M/s1600/squirting%252525252Ba_17.jpg,,http://cdni.pornwhite.com/contents/videos_screenshots/20000/20712/preview.jpg,,http://4555000.com/wp-content/uploads/2015/12/making-teen-porn-dance.jpg,
http://prn247.com/files/2015/11/10998_04_120sec_00.jpg,,http://cdn4.image.youporn.phncdn.com/201409/16/10301933/640x480/9/oiled-up-milf-squirts-9.jpg,,https://static-ca-cdn.eporner.com/thumbs/static4/1/11/112/1128853/5_360.jpg,,http://4555000.com/wp-content/uploads/2016/03/Porn-picture-enter-sex-teen-porn-free.jpg,
http://porncorporation.com/wp-content/uploads/2012/12/lesbian_milf_christmas_porn.jpg,,http://cdn5.image.youporn.phncdn.com/201506/15/11469953/640x480/1/hd-teen-creampie-compilation-1.jpg,,https://cdn-d-img.pornhub.com/m=eCEaGGbWpaaaa/videos/201601/27/67161901/original/13.jpg,,http://girlcollector.net/wp-content/uploads/gc00516.jpg,
http://desipart.com/wp-content/uploads/2016/08/1470218644_281_Best-Lesbian-Porn-Nude-Naked-Girls-Kissing-Pussy-Fuck-HD.jpg,,http://cdnhw2.private.com/content/contentthumbs/485679-full.jpg,,http://i70.fastpic.ru/big/2015/0818/b6/bb727f8d3d1ec66c4c1541228945c6b6.jpeg,,http://girlcollector.net/wp-content/uploads/107080.jpg,
http://www.cumonmy.com/_data/i/galleries/2014-updates/03-003-6k-pics/Lesbian-porn/pussy-licking-cunnilingus/pussy-licking-cunnilingus-free-lesbian-sex-porn-Luscious-Lesbians-5-18-0265-th.jpg,,http://hdporn720.net/wp-content/uploads/2016/11/MomXXX-Caroline-Ardolino-Squirting-Milf-Fucked-For-Cheating-18.jpg,,http://static.brazzers.com/scenes/9267/preview/img/03.jpg,,http://galleries.payserve.com/1/1/32900/images/10.jpg,